Task,Model,Set,Accuracy,Precision,Recall,F1-Score
Retinopathy grade,adaboost,Train,0.6427083333333333,0.6582310559801762,0.6427083333333333,0.6131789829347537
Retinopathy grade,adaboost,Test,0.5,0.4468815938246521,0.5,0.46113429370367975
Risk of macular edema,adaboost,Train,0.878125,0.8733715780139704,0.878125,0.8595881851841606
Risk of macular edema,adaboost,Test,0.8041666666666667,0.7537429918450561,0.8041666666666667,0.7709428497090183
