Task,Model,Set,Accuracy,Precision,Recall,F1-Score
Risk of macular edema,adaboost,Train,0.8943089430894309,0.895541341167776,0.8943089430894309,0.8945057249079491
Risk of macular edema,adaboost,Test,0.7041666666666667,0.7532024245637713,0.7041666666666667,0.7253956959233054
