Task,Model,Set,Accuracy,Precision,Recall,F1-Score
Risk of macular edema,random_forest,Train,0.9995721009841677,0.9995726495726496,0.9995721009841677,0.9995721008078863
Risk of macular edema,random_forest,Test,0.8333333333333334,0.7836450030656039,0.8333333333333334,0.7771059611012883
