Task,Model,Set,Accuracy,Precision,Recall,F1-Score
Retinopathy grade,random_forest,Train,1.0,1.0,1.0,1.0
Retinopathy grade,random_forest,Test,0.5541666666666667,0.6412850660066006,0.5541666666666667,0.4716074935815019
Risk of macular edema,random_forest,Train,0.9916666666666667,0.9917513765353665,0.9916666666666667,0.9915551147117438
Risk of macular edema,random_forest,Test,0.8166666666666667,0.787918410041841,0.8166666666666667,0.7381912442396313
