Task,Model,Set,Accuracy,Precision,Recall,F1-Score
Retinopathy grade,adaboost,Train,0.6427083333333333,0.6582310559801762,0.6427083333333333,0.6131789829347537
Retinopathy grade,adaboost,Test,0.5,0.4468815938246521,0.5,0.46113429370367975
